timestamp_ms,face_present,face_confidence,time_since_face_seen_ms,roll_proxy_deg,yaw_proxy,pitch_proxy,ear_left,ear_right,ear_mean,blink,blink_duration_ms
287532864,1,0.9652438163757324,0.0,-3.3384455465842704,-0.051576873913582,0.44595942875790817,0.09608157714658404,0.06858348984776501,0.08233253349717452,0,nan
287532897,1,0.9631669521331787,0.0,-3.2079279961111165,-0.05089416541488055,0.45552304908034036,0.09734973491825714,0.08308346667947963,0.0902166007988684,0,nan
287532930,1,0.9559264183044434,0.0,-2.9006280449011617,-0.0530595969782788,0.45234288286144403,0.06821289460193872,0.052396575053040254,0.060304734827489485,0,nan
287532964,1,0.9431310296058655,0.0,-2.850867366577871,-0.05866487698709913,0.4500137354419582,0.02368044942963552,0.02147363948113763,0.022577044455386573,0,nan
287532997,1,0.9328574538230896,0.0,-2.703955218120318,-0.06711981978475035,0.4518249063581321,0.02021328222202337,0.02095555814759323,0.0205844201848083,0,nan
287533030,1,0.9236484169960022,0.0,-3.0086479297082933,-0.07292436398194975,0.45950326991025614,0.02400232443097198,0.020469758680156883,0.022236041555564433,0,nan
287533064,1,0.9366266131401062,0.0,-2.8348320052606795,-0.07755067917545935,0.46358322291748116,0.020783943484319996,0.011997172534691061,0.016390558009505528,0,nan
287533097,1,0.9412130117416382,0.0,-3.1182483698751,-0.07500728036299313,0.46746680187370554,0.010245623228983992,0.011644504772106094,0.010945064000545044,0,nan
287533130,1,0.9343488216400146,0.0,-2.713909411420851,-0.07321721078179531,0.47335848962208305,0.012256653756417402,0.012913626884826872,0.012585140320622138,0,nan
287533164,1,0.9361511468887329,0.0,-3.0161730267113893,-0.07088627949200346,0.4788571998938978,0.012857716069456666,0.012821666997590247,0.012839691533523457,0,nan
287533197,1,0.9467222094535828,0.0,-2.686760652034903,-0.07143242701650379,0.4791544382493183,0.013785508963402592,0.0135658292567752,0.013675669110088896,0,nan
287533230,1,0.9366828799247742,0.0,-2.510992952737015,-0.07021733941861347,0.48113831495113357,0.013696761639241821,0.014805087862493998,0.01425092475086791,0,nan
287533264,1,0.9365676641464233,0.0,-2.664224033407098,-0.07004628234511856,0.48285394785211583,0.014620158920274483,0.014579769957821802,0.014599964439048142,0,nan
287533297,1,0.937009334564209,0.0,-2.742212021796733,-0.07119422017318912,0.4839192665906606,0.013716360230589131,0.017100668126851803,0.015408514178720467,0,nan
287533330,1,0.9392498135566711,0.0,-2.690643742626369,-0.07175544667216716,0.48010199846208584,0.014267489978132852,0.019426282378892244,0.016846886178512547,0,nan
287533364,1,0.9299337863922119,0.0,-2.633852494378714,-0.07128258629055859,0.4784227625020827,0.01580437393848212,0.021062245202429063,0.01843330957045559,0,nan
287533397,1,0.9303193688392639,0.0,-2.641665214991514,-0.07079601203374442,0.4773458402154101,0.01599800787944522,0.02033791436423472,0.018167961121839972,0,nan
287533430,1,0.9356763362884521,0.0,-2.6077082853453213,-0.07029252482741459,0.48112399790420013,0.014727113797685296,0.020861054046759583,0.01779408392222244,0,nan
287533464,1,0.9405080080032349,0.0,-2.594485720610789,-0.06999815375017984,0.48184075958033146,0.015275076015498311,0.021565003657380847,0.01842003983643958,0,nan
287533497,1,0.9410892724990845,0.0,-2.5647519269887704,-0.06954630848746939,0.4812611349571639,0.014944574231382613,0.021982548621692487,0.01846356142653755,0,nan
287533530,1,0.9337978959083557,0.0,-2.511603284225921,-0.06917376123546075,0.48133120759315234,0.01590857782706172,0.020598844822839087,0.018253711324950406,0,nan
287533564,1,0.9344033598899841,0.0,-2.5097326008989262,-0.06855871989539605,0.48476309425893543,0.015559854337315418,0.020721516756731992,0.018140685547023704,0,nan
287533597,1,0.9344244003295898,0.0,-2.6401250717951372,-0.06717861883533241,0.48375409058839436,0.01496599803420415,0.02039935576758993,0.01768267690089704,0,nan
287533630,1,0.9333857893943787,0.0,-2.6180053882101055,-0.06650508439856663,0.48564428875079546,0.014798907697459698,0.020132143584600123,0.017465525641029912,0,nan
287533664,1,0.9381618499755859,0.0,-2.576432206146412,-0.06604912446739676,0.4852232539720345,0.014877861071206809,0.019992540012564435,0.01743520054188562,0,nan
287533697,1,0.9388704299926758,0.0,-2.5478467805130145,-0.06505252634665458,0.4855009622398631,0.015445086523612143,0.01993529584001869,0.017690191181815418,0,nan
287533730,1,0.9364426136016846,0.0,-2.422400211108464,-0.06315835815650409,0.48568159718007925,0.01936369311537756,0.022325598765984413,0.020844645940680986,0,nan
287533764,1,0.9378796815872192,0.0,-2.245794081710486,-0.061508500914509774,0.487090938871937,0.02471081959414746,0.027627561163306967,0.02616919037872721,0,nan
287533797,1,0.9354914426803589,0.0,-2.242507184435476,-0.05960496829892751,0.49095999060960466,0.029279831285404193,0.03473419736264045,0.03200701432402232,0,nan
287533830,1,0.936410129070282,0.0,-2.217737669694374,-0.05759524044698981,0.49157529193326605,0.030036329542410728,0.035006746682669496,0.03252153811254011,0,nan
287533864,1,0.9335221648216248,0.0,-2.2301829370046393,-0.05744832412834337,0.49184955062036745,0.03336023975131241,0.03848525871646668,0.035922749233889543,0,nan
287533897,1,0.9369584918022156,0.0,-2.254318554692795,-0.057104542356307984,0.4906229451106158,0.03425062090199129,0.04001790627791159,0.037134263589951436,0,nan
287533930,1,0.9346575140953064,0.0,-2.217470052331649,-0.05688181732166193,0.49082446465183427,0.03861688149058172,0.042433476475318685,0.0405251789829502,0,nan
287533964,1,0.9321774244308472,0.0,-2.23685088013875,-0.05654167329308151,0.49055767729711336,0.04016487557345012,0.041709253483647304,0.040937064528548714,0,nan
287533997,1,0.9310553669929504,0.0,-2.2740186722529128,-0.05656603881328017,0.49123604625520756,0.041933131140385965,0.04326675947189721,0.042599945306141584,0,nan
287534030,1,0.9310553669929504,0.0,-2.2986770531936096,-0.05657780584098672,0.49147660247492825,0.043115703347655396,0.04374649674859229,0.04343110004812384,0,nan
287534064,1,0.9320643544197083,0.0,-2.200311277707709,-0.056559794374761725,0.49006644635781427,0.04460400148866331,0.043806021417223936,0.04420501145294362,0,nan
287534097,1,0.9270910620689392,0.0,-2.152838357037262,-0.05665110816902324,0.49084326848997206,0.04529987295989398,0.04493853955562485,0.04511920625775942,0,nan
287534130,1,0.935282826423645,0.0,-2.0983963836703183,-0.055810120011063044,0.49094206382213856,0.04586351682058415,0.04715174104513243,0.046507628932858286,0,nan
287534164,1,0.9405531287193298,0.0,-2.102782670780712,-0.056865721127759124,0.48947618869889054,0.04425452008006144,0.0466851979502807,0.045469859015171074,0,nan
287534197,1,0.943903386592865,0.0,-2.110769154161346,-0.05610091160906527,0.4894234461177718,0.04492702472407971,0.04776280393438787,0.046344914329233794,0,nan
287534230,1,0.9423395991325378,0.0,-2.1171699871770184,-0.05658703416356905,0.4898342036642656,0.045617688316606175,0.04906466476571815,0.04734117654116216,0,nan
287534264,1,0.9418299198150635,0.0,-2.09942823807904,-0.056815155971570296,0.4903175104078721,0.047383210085267816,0.04992668824336557,0.04865494916431669,0,nan
287534297,1,0.9419208765029907,0.0,-2.0610493274901627,-0.05346093515486023,0.4905027497063495,0.04920924744918478,0.051903725474501915,0.050556486461843346,0,nan
287534330,1,0.946001410484314,0.0,-2.0278725575381213,-0.05428721729383303,0.49100100747188546,0.05214222649747744,0.05473987456558711,0.05344105053153228,0,nan
287534364,1,0.940722644329071,0.0,-1.9253771941590092,-0.05608659673112989,0.4928761993802612,0.05758152587840703,0.05773944910390001,0.05766048749115352,0,nan
287534397,1,0.940722644329071,0.0,-1.876109074228675,-0.057275398513507755,0.494136479441571,0.061020162569656415,0.05970011920143765,0.06036014088554703,0,nan
287534430,1,0.9433683753013611,0.0,-1.8072189069250606,-0.057364395627014904,0.4954798586673192,0.06182682396532276,0.06241626333913863,0.0621215436522307,0,nan
287534464,1,0.9495264887809753,0.0,-1.758413763449908,-0.05770901181936576,0.49584971136781036,0.06501691288465276,0.06553900371291753,0.06527795829878515,0,nan
287534497,1,0.9374672770500183,0.0,-1.4985594509499969,-0.06027079657744172,0.5045935334762351,0.10440104206931704,0.09140100585228582,0.09790102396080143,0,nan
287534530,1,0.9442021250724792,0.0,-1.418733539049156,-0.06453627649273687,0.5322570732225415,0.21102122860408642,0.19327818978420638,0.2021497091941464,0,nan
287534564,1,0.9549521207809448,0.0,-1.3535853991596338,-0.06351245175267049,0.5454324934549152,0.2787663553905478,0.2539759502987498,0.2663711528446488,0,nan
287534597,1,0.9483736753463745,0.0,-1.3096200782591456,-0.06298091896531649,0.5506350177870494,0.30465365996812166,0.2800351829173311,0.2923444214427264,0,nan
287534630,1,0.9476910829544067,0.0,-1.3108362595562413,-0.062649559335404,0.5516075823490337,0.3182689772630739,0.2905134872703658,0.3043912322667198,0,nan
287534664,1,0.945358157157898,0.0,-1.2799293437322081,-0.062450064689341646,0.5529810917116698,0.32329333376618336,0.29393797053616544,0.30861565215117437,0,nan
287534697,1,0.9468971490859985,0.0,-1.3163085313939737,-0.06187492620435661,0.55315319159766,0.32492206314060235,0.2955379483300528,0.31023000573532755,0,nan
287534730,1,0.9367082118988037,0.0,-1.2390254072777966,-0.061997760395197984,0.5517547234593375,0.3241010666785865,0.29395985790556733,0.3090304622920769,0,nan
287534764,1,0.9367082118988037,0.0,-1.3149082224869588,-0.06198721249835755,0.550497069211091,0.3238752850936321,0.29490256655509994,0.30938892582436606,0,nan
287534797,1,0.9359327554702759,0.0,-1.2656531229165444,-0.06191420975802635,0.5492405236721556,0.32573492961105777,0.2952438791386323,0.31048940437484507,0,nan
287534830,1,0.9457154870033264,0.0,-1.1709309153874485,-0.06184391038892336,0.5505561804744046,0.3249077746879571,0.2935730858147297,0.3092404302513434,0,nan
287534864,1,0.9435727596282959,0.0,-1.2345287425814737,-0.061784302310984876,0.5499665897531143,0.32405106874081613,0.29395277951131255,0.3090019241260643,0,nan
287534897,1,0.9397644400596619,0.0,-1.189886892957663,-0.0617569506981036,0.5497519287744118,0.3242560403915702,0.294553662400073,0.30940485139582163,0,nan
287534930,1,0.9429804682731628,0.0,-1.228019083701301,-0.061417969635979425,0.5490511990175669,0.3283362172184889,0.2978793242111208,0.31310777071480483,0,nan
287534964,1,0.9430279731750488,0.0,-1.1908253536994193,-0.061607113295301844,0.5499603510927106,0.3286275517080181,0.2985108627975462,0.31356920725278215,0,nan
287534997,1,0.9419618248939514,0.0,-1.1756206915551055,-0.06130725877010439,0.5496254910217659,0.33106759825983706,0.3002119312791613,0.3156397647694992,0,nan
287535030,1,0.9333629608154297,0.0,-1.1758301762912051,-0.06139072829324048,0.5462203185589345,0.3303192514434792,0.2998578016413061,0.3150885265423926,0,nan
287535064,1,0.9421435594558716,0.0,-1.1775197306753393,-0.06161093979118304,0.5445241739372282,0.3319953961634851,0.302831265181262,0.31741333067237354,0,nan
287535097,1,0.9425458312034607,0.0,-1.1260383705495298,-0.061447576607560166,0.5411866843855008,0.33019666284573956,0.30200623353497413,0.31610144819035685,0,nan
287535130,1,0.9425458312034607,0.0,-1.1188242088630451,-0.061047197441809795,0.5392482705575719,0.3290863908489038,0.3016642062251948,0.31537529853704926,0,nan
287535164,1,0.938842236995697,0.0,-1.14247172534386,-0.06137677551733247,0.5367166646466809,0.3242053231364363,0.2991780847152496,0.31169170392584294,0,nan
287535197,1,0.9304792284965515,0.0,-1.1557592730713628,-0.061568656291739104,0.5360697056654072,0.32347912253409583,0.2991530420886287,0.31131608231136226,0,nan
287535230,1,0.9349587559700012,0.0,-1.1811530098653065,-0.06270595193126526,0.5333203684504243,0.32036557462371684,0.2950626170837808,0.3077140958537488,0,nan
287535264,1,0.9404218196868896,0.0,-1.3451790404363102,-0.06558186219017682,0.5109807772988411,0.16212027858251116,0.13668551004599447,0.1494028943142528,0,nan
287535297,1,0.9422699213027954,0.0,-1.3501888880699422,-0.06544811375211025,0.5009937376514072,0.15388487081041327,0.13398935749043572,0.14393711415042448,0,nan
287535330,1,0.9474014639854431,0.0,-1.2984272581196759,-0.0658768044396573,0.501027987898613,0.18669743870112954,0.17209023368730095,0.17939383619421523,0,nan
287535364,1,0.9403379559516907,0.0,-1.3360471483301533,-0.06588527074083976,0.5038454569591667,0.24103334423219108,0.2281544777544742,0.23459391099333265,1,100.0
287535397,1,0.937598466873169,0.0,-1.2943464559716997,-0.0650458556463453,0.5057102852378006,0.27446185971854786,0.25987057243258366,0.2671662160755658,0,nan
287535430,1,0.9399155378341675,0.0,-1.2922583132223138,-0.06292401419970702,0.49821834234102946,0.28793143890033224,0.27410707390253336,0.28101925640143277,0,nan
287535464,1,0.9526610970497131,0.0,-1.2901638502705688,-0.05848916047333363,0.4998002386631821,0.29300771054041214,0.28056401413384224,0.2867858623371272,0,nan
287535497,1,0.9526610970497131,0.0,-1.211143339557385,-0.059090741760695654,0.5044073418476123,0.2894925116283063,0.27821578456685636,0.28385414809758136,0,nan
287535530,1,0.957275927066803,0.0,-1.2980671540292201,-0.062475728071452866,0.4969432746709604,0.278637313936842,0.26890838385152976,0.27377284889418585,0,nan
287535564,1,0.9575560092926025,0.0,-1.1872923314246657,-0.06591386699398241,0.4895322358682969,0.27734794837861304,0.2678367104019271,0.27259232939027006,0,nan
287535597,1,0.9586766958236694,0.0,-1.0217146894073297,-0.06288925282124046,0.4845295495711283,0.293846514047966,0.2853303396907011,0.28958842686933356,0,nan
287535630,1,0.9667690992355347,0.0,-0.9925191274548015,-0.055380803091296185,0.47822218943772726,0.29789458001524194,0.295465507623068,0.29668004381915497,0,nan
287535664,1,0.9494208693504333,0.0,-1.0382289661928388,-0.03804740812382894,0.45468069311775605,0.2881039795569449,0.291561138255496,0.28983255890622045,0,nan
287535697,1,0.9476820826530457,0.0,-0.9320616180126519,-0.029873956145935434,0.4433512614010735,0.29017916442357083,0.2903301084582554,0.2902546364409131,0,nan
287535730,1,0.9469612836837769,0.0,-0.8930822690012926,-0.02579687485224153,0.435359848805506,0.29488773997808876,0.29200852153085327,0.293448130754471,0,nan
287535764,1,0.9524685740470886,0.0,-0.9677838244956328,-0.01844448232890854,0.42310336965551043,0.2918358833029742,0.2942548235464971,0.2930453534247357,0,nan
287535797,1,0.9581538438796997,0.0,-0.9390694144881099,-0.01565488428726802,0.4176965460731333,0.28950866382276436,0.2962164634982755,0.29286256366051994,0,nan
287535830,1,0.9468652606010437,0.0,-0.8318693881276416,-0.012161544162829706,0.4122789978453029,0.2997856718018242,0.3035065690301587,0.3016461204159915,0,nan
287535864,1,0.9468652606010437,0.0,-0.8712398013989922,-0.011584975713884919,0.4124493811568078,0.29283080258137795,0.29907295283182467,0.2959518777066013,0,nan
287535897,1,0.9506849050521851,0.0,-0.7303479932115605,-0.01199013634825557,0.40851074697249706,0.28619764655255514,0.2878246582182101,0.28701115238538266,0,nan
287535930,1,0.9490664005279541,0.0,-0.5369266736081958,-0.008674674501614682,0.3926048296351818,0.2794785159383272,0.28199635935052275,0.28073743764442494,0,nan
287535964,1,0.9486422538757324,0.0,-0.4827016405661278,-0.006743578938681984,0.3926512992851011,0.2715883239850069,0.2737636321243243,0.2726759780546656,0,nan
287535997,1,0.9492294192314148,0.0,-0.19606964258744436,-0.009616890154659184,0.38723334362838235,0.2695417951314346,0.27514218880607727,0.27234199196875597,0,nan
287536030,1,0.9502824544906616,0.0,-0.021704602948478063,-0.009910554229078083,0.3767574548470092,0.27149492272795617,0.2788775489964215,0.2751862358621888,0,nan
287536064,1,0.9510297179222107,0.0,0.12580297788884462,-0.01537109542266361,0.3655974084350588,0.2695491875389987,0.2591067643971456,0.2643279759680721,0,nan
287536097,1,0.9504435658454895,0.0,0.022285015049195285,-0.012521366510589096,0.3439210926234825,0.1607528304503983,0.11642024800769424,0.13858653922904626,0,nan
287536130,1,0.9430344104766846,0.0,-0.06301462096143866,-0.013581303468350707,0.3278391769705736,0.0653756097805972,0.04684353671071409,0.056109573245655645,0,nan
287536164,1,0.944644570350647,0.0,-0.1789247691686825,-0.012839904584146699,0.32378509550131557,0.022708619667809023,0.032182912859380325,0.027445766263594674,0,nan
287536197,1,0.9389904141426086,0.0,-0.31585286605090096,-0.010239280039031724,0.33638941845291875,0.06149556217452685,0.04512791926470538,0.05331174071961611,0,nan
287536230,1,0.9389904141426086,0.0,-0.4311066018228588,-0.01112612063841828,0.3390612366467033,0.07565626485118128,0.067885191852796,0.07177072835198864,0,nan
287536264,1,0.9424087405204773,0.0,-0.32790311421808954,-0.012370596231781912,0.3467395073893359,0.14415775252090582,0.14502524475804524,0.1445914986394755,0,nan
287536297,1,0.9444618225097656,0.0,-0.17252353476908952,-0.015775187748087727,0.35114177162012344,0.19842420514619533,0.19734434267055323,0.19788427390837426,0,nan
287536330,1,0.9437284469604492,0.0,-0.026812246726814228,-0.019982508010411078,0.3454994356910866,0.22466141321539987,0.22178367463428877,0.2232225439248443,0,nan
287536364,1,0.9370946288108826,0.0,0.08061115242042503,-0.02353735902096013,0.33879336880822036,0.24545350688898493,0.23642806505266808,0.24094078597082652,1,267.0
287536397,1,0.9328522682189941,0.0,0.25172126149419355,-0.024444025782835214,0.333042066446774,0.2548489531810012,0.24590978844898173,0.25037937081499145,0,nan
287536430,1,0.929422914981842,0.0,0.4823545181772385,-0.024684008727582595,0.3316024980483937,0.26388754826336785,0.24795740583777995,0.2559224770505739,0,nan
287536464,1,0.9254863262176514,0.0,0.5658591614507117,-0.023140533645580223,0.3261125313903756,0.24490546261649465,0.2346550202971892,0.23978024145684193,0,nan
287536497,1,0.9256722927093506,0.0,0.5038364840248342,-0.0193047991887099,0.3116559619546887,0.13076536454117987,0.10923259398564499,0.11999897926341244,0,nan
287536530,1,0.9161636829376221,0.0,0.46459582866541166,-0.016579705121004033,0.28479134208586676,0.052162408450838714,0.053034503311566124,0.05259845588120242,0,nan
287536564,1,0.9040557742118835,0.0,0.5376595431474905,-0.01588869232925547,0.27041056726357515,0.009650216148042871,0.025455010375486732,0.017552613261764802,0,nan
287536597,1,0.9040557742118835,0.0,0.5308541001148155,-0.01556768474102818,0.27254216966481887,0.009375008610077699,0.02333720315055223,0.016356105880314966,0,nan
287536630,1,0.9010946154594421,0.0,0.4159168368143875,-0.013567368514116104,0.27201046697892134,0.013545584495419472,0.03167085425081164,0.022608219373115558,0,nan
287536664,1,0.8954789638519287,0.0,0.561673181910767,-0.010605562466818087,0.28098201146011437,0.08421546424803006,0.10445545737690985,0.09433546081246996,0,nan
287536697,1,0.9080669283866882,0.0,0.8500906536852069,-0.005216034385581699,0.27696742799244584,0.15412814415100695,0.17101365697318474,0.16257090056209583,0,nan
287536730,1,0.9125741720199585,0.0,0.9005078226558558,-0.005920947472532762,0.2711215628581132,0.1857411637413799,0.19954321879846645,0.19264219126992316,0,nan
287536764,1,0.9107742309570312,0.0,0.9720392833122279,-0.006513162536545411,0.2689480438019731,0.20732070517461978,0.21330068342404554,0.21031069429933266,0,nan
287536797,1,0.8951142430305481,0.0,0.9008934919681141,-0.007493162110699954,0.2714252024663733,0.22662656405368378,0.2246059451297682,0.225616254591726,0,nan
287536830,1,0.8941181898117065,0.0,1.006357812251681,-0.0082725904791691,0.27017639300594526,0.22901116419173742,0.22693265069917176,0.2279719074454546,0,nan
287536864,1,0.8910266757011414,0.0,1.0355918930399415,-0.00960628952108933,0.26314278128624147,0.21317581340719288,0.21363291128825393,0.21340436234772342,0,nan
287536897,1,0.8851159811019897,0.0,1.4903201490344693,-0.008560998290939885,0.2548881722649127,0.0571208465306166,0.05611744887127745,0.05661914770094703,0,nan
287536930,1,0.8865340948104858,0.0,1.4482171549044753,-0.007831844292251007,0.25558619213241696,0.022871211584675286,0.03702451604694885,0.02994786381581207,0,nan
287536964,1,0.8865340948104858,0.0,1.3556411922089076,-0.007629208621146027,0.2541329515324746,0.01842675215963184,0.03664866406183254,0.02753770811073219,0,nan
287536997,1,0.8861667513847351,0.0,1.2398375139412323,-0.00950453881907998,0.25232127255139786,0.01929230685347772,0.032074437048587694,0.025683371951032707,0,nan
287537030,1,0.8883204460144043,0.0,1.1682921618036881,-0.015860856763158966,0.25389510452273883,0.0496098869798095,0.060881908226101934,0.055245897602955715,0,nan
287537064,1,0.8990306854248047,0.0,1.122814852366288,-0.02269016305104789,0.26140031626408916,0.10990074719571383,0.11892013310941138,0.1144104401525626,0,nan
287537097,1,0.9069563746452332,0.0,1.050949234241424,-0.028606776230864748,0.26783021898634307,0.1595839645502219,0.16310841452321667,0.16134618953671928,0,nan
287537130,1,0.9092325568199158,0.0,1.0626607084269921,-0.029520867699451198,0.27374731482303705,0.20226366755360634,0.19794342369357665,0.2001035456235915,0,nan
287537164,1,0.9218012690544128,0.0,1.0699543008424686,-0.02690929936171986,0.2786798414926637,0.2227088518851576,0.21869375419453757,0.22070130303984759,0,nan
287537197,1,0.9089876413345337,0.0,1.2445780400943878,-0.025032685010204146,0.2800727692641224,0.23595127994050238,0.22844844393066202,0.2321998619355822,0,nan
287537230,1,0.9070376753807068,0.0,1.325405551435262,-0.024480571445572325,0.28135276151038174,0.23171428541211272,0.22750693990141008,0.22961061265676141,0,nan
287537264,1,0.8999745845794678,0.0,1.777336333707299,-0.021036162199563124,0.270819001623386,0.13321328685887182,0.0980126303148957,0.11561295858688375,0,nan
287537297,1,0.8999745845794678,0.0,1.884914257486377,-0.019642849370191635,0.26956010128907026,0.08938648571244498,0.0594013651726878,0.07439392544256639,0,nan
287537330,1,0.901239275932312,0.0,1.857358001721108,-0.0196808420001885,0.2626588209622639,0.033670044193923436,0.03281903269006318,0.03324453844199331,0,nan
287537364,1,0.9170519709587097,0.0,1.9046418188818992,-0.022195284196857564,0.2646873774574612,0.02702115533264546,0.02986427375633782,0.02844271454449164,0,nan
287537397,1,0.9056426882743835,0.0,1.8974790538121467,-0.019334910641779564,0.27045422007826936,0.024323638418786965,0.02388562820171822,0.024104633310252595,0,nan
287537430,1,0.9120829105377197,0.0,1.891537825350938,-0.019496478214067175,0.28237268047562736,0.06216695455207424,0.07243370685397268,0.06730033070302346,0,nan
287537464,1,0.9099957346916199,0.0,1.9198547287191774,-0.023677939087570515,0.29514321057980325,0.12642399292303136,0.1440242087429738,0.13522410083300257,0,nan
287537497,1,0.9132157564163208,0.0,1.841540568961034,-0.023830702121220255,0.30369059764503237,0.1806330053164235,0.1877515050737834,0.18419225519510346,0,nan
287537530,1,0.9046047329902649,0.0,1.7409758393048813,-0.028839970576917635,0.31030938594305923,0.20846765354860822,0.21787645330420563,0.21317205342640694,0,nan
287537564,1,0.9110819697380066,0.0,1.6035625743054058,-0.031381627865908306,0.31032707830276357,0.22271436894207336,0.23234389700844532,0.22752913297525934,0,nan
287537597,1,0.9050754904747009,0.0,1.6834315115808494,-0.03132869369198707,0.30400715409717816,0.23612715195661305,0.2370980644551706,0.2366126082058918,1,367.0
287537630,1,0.911972165107727,0.0,1.7050105764927375,-0.03199331054542273,0.3042206806924055,0.23735036638896348,0.2374252462327906,0.23738780631087703,0,nan
287537664,1,0.9217869639396667,0.0,1.6947312792881482,-0.030454814752522236,0.30413813831250236,0.24318054286491164,0.23706528238719,0.24012291262605082,0,nan
287537697,1,0.9210723042488098,0.0,1.7320800845431412,-0.030305006103039732,0.3046938268024408,0.24091617376468713,0.2312318934209887,0.2360740335928379,0,nan
287537730,1,0.9181082248687744,0.0,1.6265452167930288,-0.029977945976765674,0.3157835049988174,0.2388339840943413,0.22743792635847393,0.23313595522640762,0,nan
287537764,1,0.9043630957603455,0.0,0.9949981145080197,-0.02940164797632319,0.32790462610751153,0.2519580953518172,0.24090760643459275,0.24643285089320496,0,nan
287537797,1,0.9123978614807129,0.0,0.3363215264925183,-0.020757553106395033,0.3352213604087313,0.242683896829167,0.24520553267683917,0.24394471475300308,0,nan
287537830,1,0.9008330702781677,0.0,0.07637931352809894,-0.016207516733668756,0.34437087829996366,0.23353153387906692,0.2465581610842867,0.24004484748167682,0,nan
287537864,1,0.9226233959197998,0.0,0.18495468372211302,-0.014206173997969416,0.3559887239160706,0.231781342980308,0.24088812151957928,0.23633473224994364,0,nan
287537897,1,0.9162279367446899,0.0,0.007102331894678957,-0.01434647747145598,0.3687585984983392,0.23537588311985952,0.24648635099956195,0.24093111705971074,0,nan
287537930,1,0.9239825010299683,0.0,-0.27184901489800034,-0.009576626238679983,0.37530348571572836,0.2426006721625896,0.2506898430702671,0.24664525761642836,0,nan
287537964,1,0.9265004992485046,0.0,-0.35355248331699024,-0.006963159074919056,0.37410845985199276,0.23614334078613944,0.24675760767150046,0.24145047422881993,0,nan
287537997,1,0.9330662488937378,0.0,-0.45841025114080125,-0.0026407362931262657,0.3770916233225213,0.2354316534556635,0.24625177467252823,0.24084171406409588,0,nan
287538030,1,0.9246960878372192,0.0,-0.43554839662147476,0.0005322694908213661,0.37976529595465375,0.22923029411550125,0.2428125299214967,0.23602141201849897,0,nan
287538064,1,0.9089394807815552,0.0,-0.3756318416168339,0.007377754528588694,0.3758287434452747,0.19418210383116535,0.2073974020392349,0.20078975293520013,0,nan
287538097,1,0.9125080704689026,0.0,-0.3657495157740166,0.01324847649744646,0.3803860627891843,0.17422916449220618,0.1973786708765005,0.18580391768435334,0,nan
287538130,1,0.9294372200965881,0.0,-0.3770256271525391,0.015408119885143194,0.38011271843735944,0.18645895758062542,0.21263542305619543,0.19954719031841042,0,nan
287538164,1,0.9315363764762878,0.0,-0.29652746594330737,0.020453236652323913,0.3844846242360652,0.20254772383062314,0.22276049445597293,0.21265410914329802,0,nan
287538197,1,0.9323906898498535,0.0,-0.38986924932198735,0.023966881468526505,0.38998517718717995,0.20880826304365566,0.23466166378392564,0.22173496341379065,0,nan
287538230,1,0.9375593662261963,0.0,-0.4864660970771259,0.023495423759443596,0.39970124533133644,0.1863515330444082,0.22510947715835394,0.20573050510138108,0,nan
287538264,1,0.929349422454834,0.0,-0.3824631667563883,0.02353170122952592,0.4138363143067991,0.15862365560406672,0.2084713387313439,0.1835474971677053,0,nan
287538297,1,0.9409108757972717,0.0,-0.267227681551333,0.02604562802472064,0.42660009661336173,0.15303446929556513,0.2143761433828151,0.18370530633919013,0,nan
287538330,1,0.9449355006217957,0.0,-0.0900334038735829,0.03082862834449506,0.44479596838545654,0.17989231832756206,0.23227625289961898,0.20608428561359052,0,nan
287538364,1,0.9475904703140259,0.0,0.3704036860573688,0.022925184556505007,0.4691328247152438,0.2013206587883573,0.24836811923604493,0.2248443890122011,0,nan
287538397,1,0.9454287886619568,0.0,0.6883764999549834,0.0157843649200661,0.4957582801462688,0.21805922593495675,0.2534103406763363,0.2357347833056465,1,333.0
287538430,1,0.9502119421958923,0.0,1.0454235732231407,0.006253949832597847,0.5208547783732363,0.2685301450779655,0.27382955782740276,0.27117985145268414,0,nan
287538464,1,0.9486342072486877,0.0,1.3680429355201278,-0.0017000376734985709,0.531017737671706,0.27231099781955026,0.2730559927151058,0.27268349526732805,0,nan
287538497,1,0.9395816922187805,0.0,1.4367353391730404,-0.0007541265380168594,0.5462254275736277,0.28106193714341904,0.2756879948984611,0.27837496602094003,0,nan
287538530,1,0.9538156390190125,0.0,1.7162547865797657,-0.005612038951548716,0.5557105800059049,0.27516612400629054,0.2706588848619231,0.2729125044341068,0,nan
287538564,1,0.9497494697570801,0.0,2.361155371817141,-0.009441079140394614,0.5578203449458246,0.28246501856058204,0.2768014440202557,0.27963323129041884,0,nan
287538597,1,0.9590378403663635,0.0,2.3928382390183027,-0.010974452610871713,0.5533695061144774,0.2850107323252184,0.27212452082097494,0.27856762657309664,0,nan
287538630,1,0.9573165774345398,0.0,2.692625114400504,-0.017537256623015106,0.5628682296043174,0.27455218443242646,0.2664663467264491,0.2705092655794378,0,nan
287538664,1,0.9573158025741577,0.0,3.3261140493773715,-0.027917758417859248,0.5533782035656913,0.2677369373503493,0.25972237324777286,0.2637296552990611,0,nan
287538697,1,0.9593769907951355,0.0,3.623514392195221,-0.037999917775229056,0.546874576937188,0.27400450666454235,0.26169360256167074,0.26784905461310654,0,nan
287538730,1,0.9573398232460022,0.0,4.193979439053046,-0.049987988030839724,0.5354238378725776,0.2768005917525562,0.2549471790526472,0.2658738854026017,0,nan
287538764,1,0.9514567852020264,0.0,4.466402958582305,-0.06785929177853788,0.5308040922318071,0.2770483324381397,0.25058870533541133,0.26381851888677554,0,nan
287538797,1,0.9486685991287231,0.0,4.164602684191765,-0.07045692814516938,0.5315808232019309,0.2789913461342676,0.2531287806114737,0.2660600633728707,0,nan
287538830,1,0.9515914916992188,0.0,5.901844297632676,-0.07978644739225085,0.5140515882399136,0.2938449822511922,0.25533878541971,0.2745918838354511,0,nan
287538864,1,0.9572032690048218,0.0,5.467464484259879,-0.08417786493486332,0.5037790188047613,0.30354941275197317,0.26415488617111904,0.28385214946154613,0,nan
287538897,1,0.95685213804245,0.0,4.6820064237747445,-0.09256461004654097,0.4867755414108685,0.31446389912038,0.2704926043967563,0.2924782517585681,0,nan
287538930,1,0.9544082283973694,0.0,4.069645365394976,-0.1067762179017356,0.47897123480429316,0.32140658882077344,0.27386350372388457,0.297635046272329,0,nan
287538964,1,0.955903947353363,0.0,3.567307924855163,-0.1291452243065276,0.4538566750565604,0.3136023012084684,0.26232570035144787,0.2879640007799581,0,nan
287538997,1,0.9528445601463318,0.0,2.5370882255005305,-0.1372491281491584,0.44128972171697506,0.3107745225766584,0.2657053728630767,0.28823994771986755,0,nan
287539030,1,0.9457729458808899,0.0,1.2897073191018056,-0.1426385302038065,0.4325954764239215,0.32644143018024957,0.27459715769854104,0.3005192939393953,0,nan
287539064,1,0.9153811931610107,0.0,0.19543354938734747,-0.14576209558271935,0.42835003234117297,0.3293027327604878,0.284689330342733,0.3069960315516104,0,nan
287539097,1,0.9115597605705261,0.0,-0.9002049899335091,-0.15181283400594758,0.4143976945872993,0.32995151754839264,0.2727637126243653,0.3013576150863789,0,nan
287539130,1,0.935426652431488,0.0,-1.8189668224805828,-0.1596068411484595,0.40277456614018503,0.32971747302811566,0.26894202410320256,0.2993297485656591,0,nan
287539164,1,0.9331238269805908,0.0,-2.3023057959874116,-0.1538865460338493,0.3851789087622066,0.30491882249232016,0.25367470218297705,0.2792967623376486,0,nan
287539197,1,0.9255205988883972,0.0,-2.9441308535282773,-0.15430921500734088,0.3744399775661575,0.3014545215398093,0.25687310463219315,0.27916381308600124,0,nan
287539230,1,0.9307491183280945,0.0,-3.3775683786227764,-0.15593980423715814,0.3511169860105412,0.27192594932833564,0.24850564048030224,0.26021579490431895,0,nan
287539264,1,0.9354790449142456,0.0,-3.447695309108213,-0.16471939314550352,0.34449818795289106,0.26279755009747213,0.24553303298061596,0.25416529153904405,0,nan
287539297,1,0.9325759410858154,0.0,-3.639639445343121,-0.1638632080154949,0.3340280999695173,0.2557425573167195,0.2429986460748185,0.24937060169576902,0,nan
287539330,1,0.9442428350448608,0.0,-3.686486067903382,-0.1696907851419002,0.3221983769439037,0.2310259897348697,0.21868254012419858,0.22485426492953414,0,nan
287539364,1,0.9032427668571472,0.0,-3.594610229813374,-0.16457747558466768,0.29316970651151947,0.09504317674607306,0.050765302662010285,0.07290423970404167,0,nan
287539397,1,0.9131413698196411,0.0,-3.511093805722808,-0.15010671690700028,0.26275580624867184,0.04721707844723911,0.014681097779508852,0.03094908811337398,0,nan
287539430,1,0.8932517170906067,0.0,-3.597407291891145,-0.14242909426243663,0.25053117606090936,0.03855975718792035,0.030015757728200386,0.03428775745806037,0,nan
287539464,1,0.8975037932395935,0.0,-3.9686734529445484,-0.1444624265134205,0.25337250293396557,0.0348303217231815,0.026711956186121162,0.03077113895465133,0,nan
287539497,1,0.9317623376846313,0.0,-3.8000575775342904,-0.1365942781422842,0.2631936760073195,0.09513382327061554,0.06918560293172979,0.08215971310117266,0,nan
287539530,1,0.9416365623474121,0.0,-3.936063819828985,-0.1344431951848217,0.2687863080969872,0.15750698841887528,0.13990885186368499,0.14870792014128015,0,nan
287539564,1,0.9383136034011841,0.0,-3.896949390363887,-0.12289083803536191,0.265419891688509,0.20331083832732502,0.19333154359136842,0.19832119095934672,0,nan
287539597,1,0.9339075684547424,0.0,-3.472420303914163,-0.10711109033870883,0.27018048431489905,0.1917611571206481,0.20586268045374817,0.19881191878719812,0,nan
287539630,1,0.9177009463310242,0.0,-3.3223482877306667,-0.09350871607722999,0.2793516888796454,0.17246567110462557,0.20175268358039558,0.1871091773425106,0,nan
287539664,1,0.8943655490875244,0.0,-3.23035308184333,-0.07885623842587158,0.2843611351685811,0.18768389394796475,0.21198926184149833,0.19983657789473153,0,nan
287539697,1,0.8961259126663208,0.0,-3.01156301501686,-0.07207210171222111,0.29032091912989244,0.20028099685275266,0.21490511354899516,0.2075930552008739,0,nan
287539730,1,0.9012284278869629,0.0,-2.852367149533845,-0.06210472603865854,0.29662846817454924,0.20727134371032838,0.21764533212629789,0.21245833791831314,0,nan
287539764,1,0.9044780731201172,0.0,-2.673222797403962,-0.046898419635611296,0.29803259607134586,0.2268758635210481,0.22348982809396173,0.22518284580750492,0,nan
287539797,1,0.8845730423927307,0.0,-2.544810826526819,-0.028296479157619018,0.2948697685993156,0.23354764880136825,0.22723196138195845,0.23038980509166335,1,467.0
287539830,1,0.8796346187591553,0.0,-2.5165687191481343,-0.020574418570292567,0.29646857422375544,0.2387163453399682,0.2325901981140621,0.23565327172701514,0,nan
287539864,1,0.8812944889068604,0.0,-2.496529977068225,-0.009540416863398437,0.29704473895719946,0.2452598971826584,0.2368487706159254,0.2410543338992919,0,nan
287539897,1,0.8897623419761658,0.0,-2.4390788865005337,-0.004077894904723351,0.29559587063811626,0.24402035794975507,0.23311541972696057,0.23856788883835783,0,nan
287539930,1,0.9127228856086731,0.0,-2.283893338286548,0.0016576735932425414,0.2984834551893079,0.23640857153878825,0.2460269914193386,0.24121778147906342,0,nan
287539964,1,0.9083173871040344,0.0,-1.61260596435634,0.008010517017591482,0.3110274241356642,0.25270431855811765,0.2713080847796839,0.26200620166890076,0,nan
287539997,1,0.889279842376709,0.0,-1.3075134378099844,0.018673507135737698,0.3193093185642181,0.271970797021874,0.2774021498702163,0.27468647344604513,0,nan
287540030,1,0.9025765657424927,0.0,-1.108035331880622,0.021878518101678162,0.33040551490110665,0.2787012222448178,0.27926623869526096,0.2789837304700394,0,nan
287540064,1,0.928234875202179,0.0,-0.9344454660760372,0.03080121413111993,0.3407775465444851,0.2779600550842932,0.2801954612222688,0.279077758153281,0,nan
287540097,1,0.9123347401618958,0.0,-0.8285736466771694,0.039068157255872656,0.3345025255586911,0.2640557844818197,0.27119578188957916,0.2676257831856994,0,nan
287540130,1,0.8827130794525146,0.0,-0.47607086442336516,0.058300803556984734,0.31516435288113287,0.09253038993765227,0.09204771433353087,0.09228905213559158,0,nan
287540164,1,0.866897463798523,0.0,-0.16554110557646307,0.05624381062744392,0.2939206202939344,0.02445899954113977,0.04265679681721264,0.033557898179176204,0,nan
287540197,1,0.8330838680267334,0.0,0.013049515812628639,0.050432573672070775,0.305668098247869,0.02942855269748059,0.04280154090754423,0.036115046802512416,0,nan
287540230,1,0.8271656632423401,0.0,-0.03495954199265877,0.05200890588674384,0.3090322740728818,0.039154975754498014,0.03960860263364173,0.03938178919406987,0,nan
287540264,1,0.8823064565658569,0.0,-0.40836929485403367,0.05609219409092485,0.3204337560210138,0.033661097258864445,0.03904120607295169,0.03635115166590806,0,nan
287540297,1,0.8946100473403931,0.0,-0.3796102036942254,0.050114571037616185,0.3218701726771377,0.032873281988329006,0.05001964982282518,0.041446465905577094,0,nan
287540330,1,0.9336555004119873,0.0,-0.42619510846786907,0.0503557613292634,0.3356205636207443,0.013399240470172756,0.033390911603590895,0.023395076036881825,0,nan
287540364,1,0.9196676015853882,0.0,-0.907434081205732,0.04562804730975226,0.3499721879875368,0.034824051591151074,0.04825210619906818,0.04153807889510963,0,nan
287540397,1,0.9244958162307739,0.0,-0.8923405522519918,0.044708336454344,0.36642744184581105,0.10394867035879021,0.11117009864152914,0.10755938450015967,0,nan
287540430,1,0.9086450934410095,0.0,-0.6418645054230997,0.047433931257283235,0.3778128721671052,0.1576729891624668,0.1506465667708707,0.15415977796666874,0,nan
287540464,1,0.9202218651771545,0.0,-0.28658862956936076,0.02733584802843194,0.38524328632890714,0.18799398498227224,0.16770768671246405,0.17785083584736816,0,nan
287540497,1,0.9301692843437195,0.0,-0.030430625965940414,0.02933280426620794,0.39382624428415747,0.20540034668880264,0.1833953600613117,0.19439785337505716,0,nan
287540530,1,0.9501399397850037,0.0,0.16834018203043982,0.03236827586516418,0.38444856854095016,0.19770582824630684,0.17947289282834766,0.18858936053732725,0,nan
287540564,1,0.9262871146202087,0.0,0.669660868677685,0.02590873530806778,0.35336529329539396,0.10053002181400916,0.05833926371145649,0.07943464276273282,0,nan
287540597,1,0.9123685956001282,0.0,0.6892558968320727,0.0193793873382716,0.335935891959134,0.04504522239472433,0.0329707124664518,0.03900796743058807,0,nan
287540630,1,0.9248969554901123,0.0,0.6770791524890293,0.015031084673570684,0.33052395050287703,0.04115938668017216,0.028825130025349133,0.034992258352760645,0,nan
287540664,1,0.9476321935653687,0.0,1.1167092047300788,0.007066000634852621,0.33426698028741897,0.026903325381853308,0.02074245950325241,0.02382289244255286,0,nan
287540697,1,0.936479926109314,0.0,1.1244663493566491,0.004094149329060911,0.3489876460649136,0.048170854313191284,0.023957735566168557,0.03606429493967992,0,nan
287540730,1,0.9352217316627502,0.0,1.2495693471288003,0.00468938558773422,0.3729739463272493,0.1236410568227168,0.08136088150163964,0.10250096916217821,0,nan
287540764,1,0.9017638564109802,0.0,1.4654746529443516,0.0022528091906657247,0.3965247940690058,0.16814807915125685,0.12467300934764546,0.14641054424945116,0,nan
287540797,1,0.8840512633323669,0.0,1.6907498025458354,-0.006442944589898683,0.4069768235883875,0.1818481077635356,0.14580009274160147,0.16382410025256855,0,nan
287540830,1,0.920295238494873,0.0,1.9641993575062802,-0.017196186706781923,0.42261947108665054,0.19548734071455606,0.1616599585277914,0.17857364962117372,0,nan
287540864,1,0.9155043363571167,0.0,2.0370720773672515,-0.008664101810298544,0.4250191102813661,0.19451639982176397,0.16596735674455684,0.1802418782831604,0,nan
287540897,1,0.9019188284873962,0.0,2.1517209987000765,-0.0112905146669097,0.423160569702371,0.19330107456609658,0.1641672991139674,0.178734186840032,0,nan
287540930,1,0.8971205949783325,0.0,2.3974093515179398,-0.012820107436222092,0.4136698323446589,0.1780647559016267,0.14345771854170547,0.16076123722166608,0,nan
287540964,1,0.8996537327766418,0.0,3.13428462661605,-0.016700473517798003,0.3807045788641271,0.09907708216729584,0.03525559495824606,0.06716633856277095,0,nan
287540997,1,0.9018475413322449,0.0,3.275553111652042,-0.017670068864815924,0.353445844367787,0.015704248792291296,0.02021189652489965,0.017958072658595475,0,nan
287541030,1,0.9033833146095276,0.0,2.934977039358066,-0.012616848914315247,0.3423603049339202,0.02389315251604943,0.022343324886387947,0.023118238701218687,0,nan
287541064,1,0.894063413143158,0.0,2.7659495594575567,-0.006176567731795581,0.33735401194986253,0.024928374349320243,0.026204287767099484,0.025566331058209865,0,nan
287541097,1,0.8946830034255981,0.0,2.7207496794286605,-0.01449648955438342,0.3367396254980408,0.024444506732535187,0.024317050175016935,0.02438077845377606,0,nan
287541130,1,0.9063723087310791,0.0,2.7227619639446434,-0.018282897962616222,0.33304268414544314,0.02956487910904837,0.029141300026259146,0.029353089567653756,0,nan
287541164,1,0.9164479970932007,0.0,2.638831067463228,-0.015919855623736236,0.33213044056421714,0.0306687459033552,0.03125777136033568,0.03096325863184544,0,nan
287541197,1,0.912608802318573,0.0,2.6060899504937938,-0.015583792832741899,0.3301803927186267,0.02965539819192844,0.029319023180243882,0.02948721068608616,0,nan
287541230,1,0.9027959108352661,0.0,2.5480276919382434,-0.015076353815000084,0.3300560355480793,0.029186091452084662,0.02969427497732731,0.029440183214705984,0,nan
287541264,1,0.9196760654449463,0.0,2.591318796723368,-0.014621035990208898,0.3313948997296813,0.026705513081065054,0.02706205224684751,0.02688378266395628,0,nan
287541297,1,0.9233008027076721,0.0,2.5890199731987433,-0.01297663310547484,0.33122584452660925,0.028839341671261974,0.029306771125892785,0.02907305639857738,0,nan
287541330,1,0.8995779752731323,0.0,2.6323483871728883,-0.014257526474810019,0.332632482121335,0.03760979706704315,0.03267673651009823,0.03514326678857069,0,nan
287541364,1,0.8986579775810242,0.0,2.7196856440012023,-0.015107673343693315,0.3347568744845085,0.044392188955898915,0.035225910071113926,0.03980904951350642,0,nan
287541397,1,0.8745157718658447,0.0,2.7394699165339107,-0.01409475557830607,0.3378659005341391,0.0475323285636065,0.03636036026231692,0.04194634441296171,0,nan
287541430,1,0.8874213695526123,0.0,2.7497908793894092,-0.014482735350357483,0.33847652436974346,0.046503075419637656,0.03554791226861081,0.04102549384412423,0,nan
287541464,1,0.8862998485565186,0.0,2.7413381769338856,-0.016466647107077105,0.3406616392092951,0.046999594581741924,0.03371717243204794,0.04035838350689493,0,nan
287541497,1,0.8836501836776733,0.0,2.783083934168046,-0.016578880419792753,0.3483425608355493,0.04700305772607201,0.0364111497016449,0.041707103713858454,0,nan
287541530,1,0.8926701545715332,0.0,2.873776567428246,-0.015558925063120028,0.3522472291993469,0.04950603625037052,0.04020146707467084,0.044853751662520674,0,nan
287541564,1,0.9000744223594666,0.0,2.9161459339276834,-0.01684863575410719,0.3571607560538913,0.05282667403881708,0.04179474484896757,0.047310709443892325,0,nan
287541597,1,0.8947082161903381,0.0,2.853094369775129,-0.01782182337034265,0.3625250209563354,0.05317082940871192,0.043664893348402636,0.048417861378557275,0,nan
287541630,1,0.8661782145500183,0.0,2.8496185531633267,-0.02014838642320945,0.3621085239926865,0.053952326215729526,0.042569043451782244,0.04826068483375588,0,nan
287541664,1,0.8512077331542969,0.0,2.765832060384491,-0.027411176338990876,0.3641096044441964,0.0425842124729341,0.030007751107932065,0.036295981790433085,0,nan
287541697,1,0.8667371273040771,0.0,2.441545935335216,-0.040754704433942045,0.3712544696877301,0.032113033376699074,0.020401270904112027,0.02625715214040555,0,nan
287541730,1,0.8775443434715271,0.0,2.0011903119474064,-0.047547971514121545,0.3827067724034606,0.01865775225184826,0.0061795616769645114,0.012418656964406386,0,nan
287541764,1,0.8843357563018799,0.0,1.4158882249047209,-0.029652100575899506,0.3853569435218657,0.07015943444606251,0.08597402997341602,0.07806673220973927,0,nan
287541797,1,0.8719753623008728,0.0,0.985149170295535,-0.009773814714736491,0.37536574062249295,0.13120524632546587,0.15066231937120445,0.14093378284833516,0,nan
287541830,1,0.867987334728241,0.0,1.1860833561242055,-0.023255663480223843,0.38975081996505345,0.20546386230919955,0.20120271747994342,0.2033332898945715,0,nan
287541864,1,0.8550299406051636,0.0,0.9399189196993927,-0.029568066526573355,0.400757300178445,0.23484855577943728,0.2226441984135166,0.22874637709647694,0,nan
287541897,1,0.8592332005500793,0.0,0.8981876078944564,-0.027244201446548134,0.39409085635313595,0.20770787579392175,0.21198752763207926,0.2098477017130005,0,nan
287541930,1,0.8695394396781921,0.0,0.760577951046042,-0.026978016526515314,0.3950709254614669,0.18994246677674465,0.2107397581063592,0.20034111244155192,0,nan
287541964,1,0.8766190409660339,0.0,0.772775255656713,-0.030777896280169147,0.3968577450448795,0.17361577911651885,0.2008591945951722,0.18723748685584551,0,nan
287541997,1,0.8689782023429871,0.0,0.5525934791215438,-0.031249468595969394,0.3957571134026017,0.16251842718923684,0.19279603196828204,0.17765722957875946,0,nan
287542030,1,0.8955517411231995,0.0,0.362166106762574,-0.0378181947223295,0.38928804101333325,0.14127663913903837,0.1700695518292957,0.15567309548416702,0,nan
287542064,1,0.8791329860687256,0.0,0.4997705526719669,-0.04562973980205124,0.36267240391934796,0.05393696973582776,0.05977501868909395,0.056855994212460854,0,nan
287542097,1,0.877160906791687,0.0,0.1035101085508581,-0.05124966072656299,0.3436692461283567,0.0429245615711062,0.04166355621969107,0.04229405889539863,0,nan
287542130,1,0.8805785775184631,0.0,0.18152922753837453,-0.0456511785294638,0.33320219783388716,0.07181697616078818,0.06904434697213796,0.07043066156646308,0,nan
287542164,1,0.8823274374008179,0.0,0.36719467194880195,-0.045228303075449235,0.33363537329944887,0.06712143002018181,0.06593955502645718,0.0665304925233195,0,nan
287542197,1,0.8821199536323547,0.0,0.4026809062610598,-0.045639154356480784,0.33475544584460504,0.05978283253199733,0.05699235249260058,0.058387592512298955,0,nan
287542230,1,0.8873286247253418,0.0,0.4433909136923895,-0.04794925676637355,0.33497294442902226,0.05562787171891657,0.05038793511468542,0.05300790341680099,0,nan
287542264,1,0.9081146121025085,0.0,0.4748627363969417,-0.0492840024649735,0.33705221281186687,0.05018405181457094,0.04518232919236131,0.04768319050346612,0,nan
287542297,1,0.9068906307220459,0.0,0.43705331382495005,-0.05875740485133799,0.3394376848693371,0.052603439283808895,0.04394378655909627,0.04827361292145258,0,nan
287542330,1,0.9209644198417664,0.0,0.20932377490700976,-0.06539280873532166,0.34274208005307816,0.057728166475024774,0.049968658269336795,0.053848412372180784,0,nan
287542364,1,0.9173024296760559,0.0,-0.23404671890464768,-0.06442749511725768,0.34439031297964096,0.053623162646859554,0.039873656391964045,0.046748409519411796,0,nan
287542397,1,0.9176065921783447,0.0,-0.9753279195945671,-0.06535426596455106,0.35407800341166995,0.029487088104657878,0.011765095639530173,0.020626091872094025,0,nan
287542430,1,0.9187700152397156,0.0,-1.2136847747307267,-0.07346831892487136,0.3670202852139683,0.023888333736076333,0.02974761869057432,0.026817976213325326,0,nan
287542464,1,0.9204587340354919,0.0,-1.1075953898059019,-0.07154715518338053,0.3742301329420247,0.04499597833730125,0.06369477433143762,0.054345376334369436,0,nan
287542497,1,0.9190195202827454,0.0,-1.3925368441982076,-0.06679411625782493,0.374940854980654,0.07313141169596475,0.10998427728720855,0.09155784449158666,0,nan
287542530,1,0.9008395671844482,0.0,-1.6203651342978211,-0.06250083637816457,0.3817286554445288,0.11636501003372243,0.16834728038486368,0.14235614520929307,0,nan
287542564,1,0.9025416970252991,0.0,-1.8907900754255789,-0.05754306470629967,0.38238566419619074,0.10318692496409756,0.1726349545979837,0.13791093978104063,0,nan
287542597,1,0.8991957306861877,0.0,-1.6228124063939948,-0.06789574399546429,0.36464770159439186,0.05734085414881402,0.06248722935059745,0.059914041749705736,0,nan
287542630,1,0.8715874552726746,0.0,-1.357848953991932,-0.06329598687870958,0.3550382130986568,0.038232209417215446,0.03705210053150249,0.037642154974358966,0,nan
287542664,1,0.8832128047943115,0.0,-1.2358696874493378,-0.06958866332415689,0.3519867461259294,0.033829237480958604,0.01827613243886727,0.026052684959912937,0,nan
287542697,1,0.9019705057144165,0.0,-1.7065175149360035,-0.06469392836792057,0.3483325214249889,0.025429486829711818,0.018832784731067833,0.022131135780389825,0,nan
287542730,1,0.9118996858596802,0.0,-2.2865953305213242,-0.06383150944632046,0.3513634533222612,0.017564350753390523,0.030785840916065225,0.024175095834727874,0,nan
287542764,1,0.9289218187332153,0.0,-2.888099785959915,-0.057501364940761926,0.3681482536032166,0.09780066200787392,0.08511652322256705,0.09145859261522049,0,nan
287542797,1,0.932833194732666,0.0,-3.5338627705799937,-0.05239714276787426,0.3677433689308556,0.1470577901654942,0.17088965184655344,0.1589737210060238,0,nan
287542830,1,0.932833194732666,0.0,-3.6467025586698436,-0.04521978069824748,0.3631053874799225,0.16814614073322093,0.18880917707302963,0.17847765890312528,0,nan
287542864,1,0.936253547668457,0.0,-3.955790014303586,-0.039008638307917474,0.3641093289471797,0.19423344801823425,0.22080307228420396,0.2075182601512191,0,nan
287542897,1,0.9249754548072815,0.0,-4.145130631172662,-0.03629159025899648,0.3599309058176911,0.22245562248654108,0.23494469761883313,0.22870016005268712,0,nan
287542930,1,0.9381161332130432,0.0,-4.312631062105069,-0.036594800835168265,0.3579691651997643,0.2487207161381808,0.2441406043861632,0.246430660262172,0,nan
287542964,1,0.937160313129425,0.0,-4.639527541577441,-0.03714867243636064,0.3548530416552462,0.2574374855986961,0.24971182293806812,0.2535746542683821,0,nan
287542997,1,0.919050931930542,0.0,-4.772476793126507,-0.03545892089531678,0.34588274695319976,0.2688940364975049,0.25439828858612434,0.2616461625418146,0,nan
287543030,1,0.8991388082504272,0.0,-4.867925298111464,-0.03371766473311807,0.34595162912640515,0.2694486390622309,0.25393719293176004,0.26169291599699546,0,nan
287543064,1,0.9134865403175354,0.0,-4.649875125221761,-0.0353661216973246,0.3399148394662896,0.2459328576829368,0.21903370309155895,0.23248328038724786,0,nan
287543097,1,0.8823519349098206,0.0,-4.7343280411656785,-0.04681490623570516,0.3103977323222778,0.022190866303535804,0.014908545832084424,0.018549706067810114,0,nan
287543130,1,0.8760451674461365,0.0,-4.403854726528595,-0.04784869890569942,0.2963194495527091,0.036439382781155716,0.04274227361821011,0.03959082819968292,0,nan
287543164,1,0.8799852132797241,0.0,-4.272366639539289,-0.049042369288473095,0.3028136064869607,0.033060887293285275,0.03906733268192349,0.036064109987604384,0,nan
287543197,1,0.8799852132797241,0.0,-4.140035083942124,-0.047583116545692465,0.30970340344459185,0.027463521441157792,0.029902375016051246,0.028682948228604517,0,nan
287543230,1,0.903615415096283,0.0,-4.2781927910446,-0.04785304425792461,0.32719560345297904,0.040702905752162996,0.026466510556404525,0.03358470815428376,0,nan
287543264,1,0.9164955615997314,0.0,-4.0381746744249645,-0.04068248414290748,0.35031197937133374,0.16119222071996792,0.14789541226114794,0.15454381649055793,0,nan
287543297,1,0.9332455396652222,0.0,-3.96689970499862,-0.03473665648827506,0.366229701878024,0.23378869905166771,0.22037081256164714,0.22707975580665743,0,nan
287543330,1,0.9437021613121033,0.0,-4.046464601560244,-0.03190984682401057,0.37539440928342166,0.2710879591376644,0.25939730092723173,0.2652426300324481,1,233.0
287543364,1,0.9436075687408447,0.0,-4.174054568237338,-0.031286934249982995,0.38099620284464786,0.2827129179199744,0.26994913106969387,0.27633102449483415,0,nan
287543397,1,0.946263313293457,0.0,-4.2059540773099995,-0.03139193468867272,0.39110967926752693,0.2859303039878385,0.27253098429954936,0.2792306441436939,0,nan
287543430,1,0.948339581489563,0.0,-4.21230446304027,-0.03156811395659921,0.397772004663198,0.28626930083217583,0.27542835414974187,0.28084882749095885,0,nan
287543464,1,0.9487412571907043,0.0,-4.214948768904256,-0.03296239082353463,0.40237471133913505,0.28905468686959856,0.2750618861155334,0.282058286492566,0,nan
287543497,1,0.9459537267684937,0.0,-4.0025979397203,-0.03380835362849803,0.4038066267249951,0.297131831860699,0.2786773213768282,0.2879045766187636,0,nan
287543530,1,0.9428670406341553,0.0,-3.892052134287147,-0.03618503507439912,0.4035299282707693,0.2974982666298135,0.276481328247004,0.28698979743840874,0,nan
287543564,1,0.9428670406341553,0.0,-3.8287769406513186,-0.0371439369895943,0.40308659134384234,0.3023446630481011,0.28134724306050596,0.2918459530543035,0,nan
287543597,1,0.933447003364563,0.0,-4.134094818655461,-0.0360889388961564,0.3960274157766795,0.27175430197134726,0.2521449895007131,0.2619496457360302,0,nan
287543630,1,0.9107866287231445,0.0,-3.6629849445957863,-0.05030008461573319,0.3626349502409488,0.047401026622861,0.018886136334852553,0.03314358147885678,0,nan
287543664,1,0.9145606160163879,0.0,-3.5160951556062683,-0.055200351093920554,0.36358842085545545,0.027770221800730834,0.016864800357374816,0.022317511079052825,0,nan
287543697,1,0.9424750804901123,0.0,-3.6786497531350033,-0.05365091812127271,0.3760670946469885,0.09302918155906255,0.06390464216143124,0.0784669118602469,0,nan
287543730,1,0.9445778727531433,0.0,-3.743433780661116,-0.052118128305622055,0.3815813482783028,0.12938463651389678,0.11615575351533335,0.12277019501461506,0,nan
287543764,1,0.9408581256866455,0.0,-3.759968817421346,-0.050548352341069615,0.3826470553944421,0.2009368983295474,0.19766520173675717,0.1993010500331523,0,nan
287543797,1,0.9391579031944275,0.0,-3.8886539676294216,-0.051438603394227074,0.3853918825730048,0.24991483905852435,0.24393212677996595,0.24692348291924515,1,167.0
287543830,1,0.943228542804718,0.0,-3.987134748952284,-0.05118483009963379,0.38974216241638737,0.2811947145970654,0.27066839063639864,0.275931552616732,0,nan
287543864,1,0.9443106651306152,0.0,-4.085465254525883,-0.050855542622654314,0.3920798985980343,0.2936452731977633,0.27996089368709737,0.28680308344243033,0,nan
287543897,1,0.9457852244377136,0.0,-4.162176108678606,-0.049851929003486006,0.3942712874269526,0.29927582523345286,0.2831455536728641,0.2912106894531585,0,nan
287543930,1,0.9457852244377136,0.0,-4.199648848902023,-0.048974379859490214,0.3957072108283865,0.30258337863653656,0.2848963675156174,0.29373987307607696,0,nan
287543964,1,0.9459359049797058,0.0,-4.1848288468447725,-0.04614372896924047,0.4006459957220384,0.3062631158909614,0.28934609431130187,0.2978046051011316,0,nan
287543997,1,0.9498990774154663,0.0,-4.163235566562975,-0.04436727547512799,0.4034737638368234,0.3091711564662994,0.29449411604881903,0.3018326362575592,0,nan
287544030,1,0.9443775415420532,0.0,-4.145275772365159,-0.042796608176005155,0.40543767931606867,0.31250627726714647,0.29897068578582253,0.30573848152648453,0,nan
287544064,1,0.9495145678520203,0.0,-4.129097394680385,-0.04182136424305474,0.40678843947608473,0.31462343587200725,0.3014937342142826,0.30805858504314493,0,nan
287544097,1,0.9517970681190491,0.0,-4.117680823170583,-0.04121160959344436,0.4080298219414567,0.31701800308191347,0.3039085688607406,0.310463285971327,0,nan
287544130,1,0.9542184472084045,0.0,-4.128932059455913,-0.040653370505454436,0.40859618486587695,0.31399298857604446,0.30133317860982123,0.3076630835929328,0,nan
287544164,1,0.9550663232803345,0.0,-4.121396166054883,-0.04027159091383619,0.4089578445671496,0.31514127363416966,0.30014699756111535,0.3076441355976425,0,nan
287544197,1,0.951801061630249,0.0,-4.136412201657604,-0.04011139745124553,0.407940247515356,0.3087363845158421,0.2918859147626425,0.3003111496392423,0,nan
287544230,1,0.923886239528656,0.0,-3.9647914391767176,-0.04967009458497604,0.37643268486515835,0.0629536236093603,0.035758245676634826,0.04935593464299756,0,nan
287544264,1,0.923886239528656,0.0,-3.6820824965197456,-0.054313317892920536,0.36962399781742883,0.025725848747609657,0.013679743456896562,0.01970279610225311,0,nan
287544297,1,0.9229357242584229,0.0,-3.4207202635240135,-0.05687538606028934,0.36087478803283285,0.02264245126371051,0.023671827069828878,0.023157139166769695,0,nan
287544330,1,0.9209802746772766,0.0,-3.383768846734241,-0.05785112027942023,0.3622552201322935,0.02164417880636701,0.023074816305378228,0.022359497555872618,0,nan
287544364,1,0.9353235960006714,0.0,-3.5024523371680303,-0.05800088432376496,0.36975493500797635,0.03891207508823692,0.0113006439351067,0.02510635951167181,0,nan
287544397,1,0.9480844140052795,0.0,-3.7002964609399682,-0.048754533824021416,0.38683445871192995,0.1487287651292858,0.13692419593594932,0.14282648053261754,0,nan
287544430,1,0.9423984289169312,0.0,-3.737707419826615,-0.04462259367119153,0.403211558857667,0.2444210238887406,0.2370307160605911,0.24072586997466583,1,200.0
287544464,1,0.940025806427002,0.0,-3.8352483911425237,-0.04399695172944478,0.4110091149731353,0.30468433051964194,0.2920934877953563,0.29838890915749916,0,nan
287544497,1,0.9316280484199524,0.0,-3.671846548899852,-0.04454726557748208,0.411289549767772,0.32141107415926534,0.3066405499575054,0.31402581205838537,0,nan
287544530,1,0.9317705035209656,0.0,-3.6606590744230916,-0.04854257859381493,0.4077074571270169,0.3244111443734603,0.3103381376887837,0.317374641031122,0,nan
287544564,1,0.9317705035209656,0.0,-3.670622123109141,-0.05008055706324232,0.4044687056549788,0.3229805197464416,0.3074884711415291,0.31523449544398535,0,nan
287544597,1,0.9343339204788208,0.0,-3.7496577258348753,-0.052628019633937116,0.40459227183426727,0.3162569068298367,0.3026186462830402,0.30943777655643845,0,nan
287544630,1,0.9239951372146606,0.0,-3.8120492118697036,-0.05885619650854895,0.4095658638198965,0.3141919973792357,0.29512468420986315,0.30465834079454945,0,nan
287544664,1,0.9404075145721436,0.0,-3.8682438028362656,-0.06437140012463341,0.41581390046579175,0.31242455585826295,0.2977584990110052,0.3050915274346341,0,nan
287544697,1,0.9223698377609253,0.0,-3.9200110765655016,-0.06473742447950818,0.42120241382946344,0.3105926515471189,0.3019814683339231,0.30628705994052097,0,nan
287544730,1,0.9170658588409424,0.0,-3.9897341584558634,-0.06267272082585176,0.42395009531191064,0.30983069421543813,0.30476445124990803,0.3072975727326731,0,nan
287544764,1,0.9251886606216431,0.0,-3.976926647950856,-0.05789552853643,0.42510967227916163,0.3088390974356654,0.3074461014550509,0.30814259944535816,0,nan
287544797,1,0.9254093170166016,0.0,-3.7662335300262604,-0.05384004815174679,0.42310842986394354,0.3120870012141777,0.308624804426626,0.3103559028204018,0,nan
287544830,1,0.9331156611442566,0.0,-3.4803150607046303,-0.05205921105681433,0.4231411148973987,0.31661119464543985,0.3069782539228047,0.31179472428412225,0,nan
287544864,1,0.9286141395568848,0.0,-3.267439341132351,-0.05034000252223671,0.4275366224223774,0.32346253790985346,0.31175557948921606,0.31760905869953476,0,nan
287544897,1,0.9448181986808777,0.0,-2.989262175430042,-0.04916108565629272,0.43518404688290707,0.3341483933482008,0.31442227407606577,0.3242853337121333,0,nan
287544930,1,0.9441968202590942,0.0,-3.018401416785821,-0.04561920156222498,0.44325121031738696,0.3320938047796837,0.3088133212694046,0.32045356302454414,0,nan
287544964,1,0.9559471011161804,0.0,-3.0903264774787624,-0.04300458722564361,0.45532117153552476,0.33638793625238794,0.31716335609260304,0.3267756461724955,0,nan
287544997,1,0.943547785282135,0.0,-3.2575718755406675,-0.04319513651520144,0.46658745988694333,0.3365374852628608,0.3173580500027452,0.326947767632803,0,nan
287545030,1,0.9512931108474731,0.0,-3.1855283308525615,-0.0457139429407492,0.48192553136572425,0.33280897497249834,0.31331685283827865,0.3230629139053885,0,nan
287545064,1,0.9388802647590637,0.0,-2.986129324883404,-0.048622249743104924,0.49189775645998035,0.332497549366489,0.3173944302256963,0.3249459897960927,0,nan
287545097,1,0.9452211260795593,0.0,-2.7922629114969464,-0.048962141972676954,0.5042764866428263,0.3362987513244285,0.3205368918796239,0.3284178216020262,0,nan
287545130,1,0.9412451386451721,0.0,-2.7629966905130723,-0.05070055911956094,0.5008324487099961,0.3362869627146542,0.3219464496236446,0.3291167061691494,0,nan
287545164,1,0.9378076791763306,0.0,-2.7350157183504553,-0.05417349997851369,0.5115480052083767,0.334591452436868,0.31741610349708843,0.3260037779669782,0,nan
287545197,1,0.9378076791763306,0.0,-2.8876985694475494,-0.05414804187240335,0.5062135788463439,0.3360492044450057,0.31481370858227464,0.32543145651364014,0,nan
287545230,1,0.9307506680488586,0.0,-2.7545417191140396,-0.05257477621335853,0.5123367620934625,0.34403054330116895,0.3280398431330085,0.33603519321708875,0,nan
287545264,1,0.9463826417922974,0.0,-2.5983166980271073,-0.05597320380552693,0.5170542855237944,0.3404091697939226,0.3221233084339899,0.33126623911395625,0,nan
287545297,1,0.9587889909744263,0.0,-2.806936658712357,-0.051384297493098696,0.5248261216427584,0.3255960364409765,0.30610906211589023,0.31585254927843337,0,nan
287545330,1,0.9278088212013245,0.0,-2.765294750335121,-0.061137459482496596,0.5176819706673349,0.20983207423786168,0.1700592884174525,0.1899456813276571,0,nan
287545364,1,0.8991919755935669,0.0,-2.727063634176731,-0.05912783796290194,0.4754631200451758,0.032497046309568726,0.025018452292132436,0.02875774930085058,0,nan
287545397,1,0.8991919755935669,0.0,-2.7588297525322223,-0.057400351547624996,0.4712864884059182,0.014798321465738506,0.01972443438569735,0.017261377925717927,0,nan
287545430,1,0.9080708622932434,0.0,-2.826649013351269,-0.05556637765824339,0.4787946151451414,0.012315275401150004,0.018387961856469084,0.015351618628809544,0,nan
287545464,1,0.9154373407363892,0.0,-3.0085236214081585,-0.05343680500437267,0.504730051016735,0.12954783656229918,0.11114447123544244,0.12034615389887081,0,nan
287545497,1,0.9021753072738647,0.0,-2.9453365354843073,-0.050916454604135394,0.5216157886652365,0.20174848207536938,0.17421044567674607,0.18797946387605774,0,nan
287545530,1,0.906554102897644,0.0,-2.8915800824634417,-0.05047022355929267,0.5232390400838524,0.22595552764848556,0.1939879536165649,0.20997174063252522,0,nan
287545564,1,0.9170771241188049,0.0,-2.9036411875013064,-0.04953446303844162,0.523205819755977,0.22234167756434708,0.2087892066852981,0.2155654421248226,0,nan
287545597,1,0.9075308442115784,0.0,-2.917493142300402,-0.052582138602973866,0.5181106519274408,0.2554161973357344,0.2408119399227106,0.2481140686292225,1,267.0
287545630,1,0.8880297541618347,0.0,-2.90947133121244,-0.054566044115567786,0.5146780082424808,0.2824370294911398,0.26357436250996286,0.27300569600055136,0,nan
287545664,1,0.9091415405273438,0.0,-2.807034375342442,-0.055793712685309346,0.5124654008565418,0.2991701524238264,0.276127705469535,0.2876489289466807,0,nan
287545697,1,0.9053696393966675,0.0,-2.8083309862222743,-0.05888191764288304,0.5140312419342682,0.24106537946607817,0.216347102878639,0.2287062411723586,0,nan
287545730,1,0.9056214690208435,0.0,-2.4702871704030547,-0.06532568178703653,0.48961480669277696,0.06515304033025864,0.040843471814015306,0.05299825607213697,0,nan
287545764,1,0.9053380489349365,0.0,-2.3480075931691426,-0.0689908032963402,0.4800701039000067,0.039916409637986844,0.023772363529828266,0.03184438658390756,0,nan
287545797,1,0.8983227610588074,0.0,-2.571435388711549,-0.06540049069887119,0.47170905435184074,0.02686378764638777,0.01365860104120445,0.02026119434379611,0,nan
287545830,1,0.9084354043006897,0.0,-2.551070420843991,-0.058723411275836454,0.46141198166327074,0.0392948035914312,0.021184478791921712,0.030239641191676457,0,nan
287545864,1,0.9141886830329895,0.0,-2.7369475978366378,-0.05446929513814375,0.46320615181877867,0.04175849832220068,0.018590610546822862,0.030174554434511773,0,nan
287545897,1,0.9072960615158081,0.0,-2.7072112552120187,-0.04963904729700863,0.4650582123106369,0.06699104317282599,0.031813305116751144,0.04940217414478856,0,nan
287545930,1,0.91285240650177,0.0,-2.5104103355051017,-0.04497654070608749,0.46535263935594473,0.09349031494001783,0.05707197659597291,0.07528114576799537,0,nan
287545964,1,0.9126802086830139,0.0,-2.5217206303581103,-0.04188557163985693,0.4694073350625224,0.10995505112410414,0.07460456266647811,0.09227980689529112,0,nan
287545997,1,0.9237362742424011,0.0,-2.478913053497839,-0.04114452449035109,0.47023209017252254,0.10620840191639329,0.071189454194263,0.08869892805532814,0,nan
287546030,1,0.9237362742424011,0.0,-2.4659581310304244,-0.04310446142415818,0.4652577775430997,0.10529444798096464,0.07229068120854117,0.0887925645947529,0,nan
287546064,1,0.9131407737731934,0.0,-2.372621175477648,-0.05183601410359799,0.45469346682759954,0.056442131562595366,0.030754243319846455,0.04359818744122091,0,nan
287546097,1,0.9231818318367004,0.0,-1.9738649202730827,-0.05484811673989048,0.455574558929663,0.030536342632031692,0.012427980685653501,0.021482161658842598,0,nan
287546130,1,0.9188058972358704,0.0,-1.9752035579429468,-0.04635775107434545,0.4807078937972099,0.17598982208846398,0.12620315494764398,0.15109648851805396,0,nan
287546164,1,0.9236394762992859,0.0,-1.8723788007284203,-0.04261648633509096,0.49363115781425293,0.2463992972793046,0.21816712866145022,0.2322832129703774,1,467.0
287546197,1,0.9273839592933655,0.0,-2.059547461483003,-0.038523288994005686,0.4972113231917285,0.26804029789200656,0.24984282431152388,0.25894156110176525,0,nan
287546230,1,0.9267532229423523,0.0,-2.094458440746253,-0.03681475218752181,0.4956461756229218,0.2816585254616391,0.2642836635981019,0.2729710945298705,0,nan
287546264,1,0.9267532229423523,0.0,-2.0612628396147237,-0.03570369773108921,0.49520856149431575,0.2835897101756349,0.26560544803670616,0.27459757910617055,0,nan
287546297,1,0.9340458512306213,0.0,-2.1882171923188785,-0.03401935806555482,0.4925553766034957,0.29123385203995,0.2747259663135882,0.2829799091767691,0,nan
287546330,1,0.9375907182693481,0.0,-2.140359788018234,-0.030970631489519732,0.49236687682828534,0.2915938818856665,0.2787506848652199,0.2851722833754432,0,nan
287546364,1,0.9337446689605713,0.0,-2.006291373531119,-0.03607415987944505,0.4900965501282074,0.2813125964745978,0.266335974266941,0.2738242853707694,0,nan
287546397,1,0.9297459721565247,0.0,-1.8847902602846178,-0.03736648141494797,0.48267480387468453,0.2790594417026956,0.2587246181282719,0.2688920299154838,0,nan
287546430,1,0.9258282780647278,0.0,-1.7999092735293964,-0.02913340072640704,0.4740901693143757,0.27262606320949007,0.2506819261192251,0.26165399466435757,0,nan
287546464,1,0.9355834722518921,0.0,-1.7388551376163268,-0.016859253617544548,0.46944541606891793,0.2661334916074398,0.24846570056570927,0.25729959608657454,0,nan
287546497,1,0.9320806860923767,0.0,-1.7510203682259076,-0.007804855987678729,0.4670302076868146,0.2605031893616506,0.2530464349061754,0.256774812133913,0,nan
287546530,1,0.939238965511322,0.0,-1.711741266721697,0.0008895758848113832,0.46832425304766523,0.25764179688319916,0.2627892287678821,0.2602155128255406,0,nan
